VARIABLE,MODEL,SOURCE,TARGET,CV,BCV,DRV
FORMATION,Ridge,0.26243666666666665,0.29104,0.26185808580858083,0.32578796315102065,0.26273818622371714
FORMATION,Logistic,0.26227333333333336,0.29438,0.26301320132013195,0.32220460191375616,0.3064137689447901
FORMATION,KNeighbors,0.02283,0.35538,0.034772277227722775,0.22707787309729885,0.04049691332185674
FORMATION,GaussianNB,0.2559266666666667,0.3213,0.2554125412541254,0.2883138989789517,0.29948352063383626
FORMATION,BayesianLDA,0.26244666666666666,0.29102,0.26215181518151814,0.3257912017560811,0.294911957451732
FORMATION,Perceptron,0.37459,0.39452,0.37678217821782184,0.36923569013489294,0.38014285136118275
FORMATION,DecisionTree,0.0,0.38272,0.03444224422442244,0.24328427803363706,0.0416120115417685
FORMATION,Dummy,0.4991966666666667,0.4975,0.49585478547854783,0.4986742256688677,0.5458230319096985
