CV,BCV,DRV,ACTUAL,MODEL,TARGET
0.4029918235877106,0.5210392768065768,0.5303483857235436,0.6111466677010402,LDA,FORMATION
0.470871221506442,0.45921620980760436,0.445196769338876,0.40127227943600785,ConstantClassifier,FORMATION
0.031082755203171455,0.22576858957160478,0.04148399236978868,0.3441683960099041,KNNClassifier,FORMATION
0.2556699083250743,0.27509214662520043,0.29482118583010003,0.3307150753476465,GaussianNBClassifier,FORMATION
